Salon Suites,+4996647252,Tanzania,53864₽,user
Body Bliss,+55308140352,Singapore,32962₽,weakness
Body Bliss,+72281857192,Myanmar (Burma),66622₽,indication
Fashion Forward,+28194539172,Tuvalu,89578₽,perception
Modish Mannequins,+60379679555,Fiji,53436₽,death
Trendy Threads,+97687449906,Trinidad and Tobago,18093₽,administration
Nail Nook,+53679886909,Slovenia,88451₽,truth
Chic Boutique,+4051955603,Estonia,22041₽,newspaper
Nail Nook,+86350454766,Benin,99067₽,elevator
Crisp Creations,+3437379367,Slovenia,78443₽,basket
Crisp Creations,+33163740605,Oman,22187₽,truth
Makeup Maven,+43872683630,Botswana,65341₽,hair
Glow Getter,+3070443248,Czech Republic,54066₽,context
Stellar Stitches,+29167841800,South Sudan,90678₽,republic
Elite Elegance,+37309713406,Italy,56010₽,elevator
Body Bliss,+85263164921,Luxembourg,53404₽,tennis
Body Bliss,+39581792007,Iraq,78405₽,distribution
Classy Chic,+79340261187,Macedonia,46268₽,contribution
Posh Patterns,+55481063271,Mongolia,58258₽,signature
Trendy Threads,+3022589011,Togo,40360₽,perception
Crisp Creations,+30150024659,Tunisia,84269₽,cigarette
Fashion Fusion,+59432954657,Nauru,30098₽,agreement
Modish Mannequins,+394326756,Libya,45643₽,dealer
Fashion Fusion,+8826763109,Botswana,40835₽,explanation
Trendsetting Tailors,+29400668979,Denmark,49126₽,cookie
Fine Fabrics,+67629542745,Guinea,32144₽,breath
Fashion Fusion,+20466452514,Azerbaijan,43158₽,mode
Chic Couture,+44760057302,Saudi Arabia,95269₽,contribution
Modish Mannequins,+42529035462,Ethiopia,84717₽,basket
Modish Mannequins,+23686660786,"Congo, Republic of the",31906₽,truth
Fashion Forward,+10585578458,Slovenia,69218₽,topic
Brow Boosters,+21417120139,Swaziland,75189₽,affair
Elegant Ensembles,+83394198629,Benin,16063₽,elevator
Fashion Forward,+99857137223,Nigeria,21888₽,pie
Glow Getter,+54644279141,Libya,44057₽,contract
Brow Boosters,+6340910342,Bahrain,77481₽,emphasis
Classy Chic,+57500226087,Mauritania,48565₽,weakness
Modern Maven,+54247684345,Nepal,76339₽,library
Glow Getter,+85506581684,Sierra Leone,89676₽,family
Salon Suites,+27497218406,Burundi,97106₽,hair
Elegant Ensembles,+93238794720,China,30340₽,computer
Brow Boosters,+68526926001,Tunisia,41580₽,classroom
Makeup Maven,+35546451504,Tanzania,37026₽,injury
Haute Hues,+60416654066,East Timor (Timor-Leste),45791₽,revenue
Clipper Cuts,+98211265991,Maldives,54137₽,tea
Trendy Threads,+84597515862,Mozambique,96890₽,elevator
Brow Boosters,+84575952380,Somalia,57592₽,addition
Lash Lounge,+36450242511,Eritrea,52948₽,analyst
Fashion Forward,+41434119381,East Timor (Timor-Leste),81482₽,refrigerator
Fashion Forward,+67335374670,Tanzania,87696₽,height
Skin Studio,+77884312089,Kazakhstan,39465₽,affair
Salon Suites,+29739013080,Tanzania,96032₽,departure
Urban Upmarket,+19598331427,Namibia,31472₽,series
Trendy Threads,+82752763404,Zambia,47769₽,office
Stellar Stitches,+40327251017,Portugal,82566₽,development
Fine Fabrics,+99551539481,Nigeria,19426₽,signature
Chic Couture,+80386730715,Senegal,83225₽,opinion
Clipper Cuts,+58293923532,Nigeria,74049₽,stranger
